bookmark_name,token
CCAge,
CCBirthDate,
CCCourtCaseNumber,
CCCurrentAidCode,
CCFirstName,
CCGender,
CCID,
CCLastName,
CCMiddleName,
CCName,
CCSSN,
CCSerialNumber,
CCSrvcComponentType,
CSID,
CSSWEmailAddress,
CSSWName,
CSSWPhone,
CSSupEmailAddress,
CSSupName,
FCBirthDate,
FCFirstName,
FCLastName,
FCMiddleName,
GCFirstName,
GCLastName,
GCMiddleName,
MCBirthDate,
MCCityName,
MCFirstName,
MCLastName,
MCMiddleName,
MCPhone,
MCSSN,
MCState,
MCStreetName,
MCStreetNumber,
MCZipCode,
PPCityName,
PPFirstName,
PPLastName,
PPMiddleInitial,
PPPhone,
PPState,
PPStreetName,
PPStreetNumber,
PPZipNumber,
RFID,
